;;;;;;;;;;;;;;;;;;;;;;;;;;;;;;;;;;;;;;;;;;;;;;;;;;;;;;;;;;;;;;;;;;;;;;;;;;;;;;;;;;;;;;;;;;;;;;;;;;;;;;;;;;;;;;;;;;;;;;;;;;;;;;;;;;;;;;;;;;;;;;;;;;;;;;;;;;;;;;;;;;;;;;;;;;;;;;;;;;;;;;;;;;;;;;;;;;;;;;;;;;;;;;;;;;;;;;;;;;;;;;;;;;;;;;;;;;;;;;;;;;;;;;;;;;;;;;;
;Total;;;;;;;;;;;;;;;;;;;;;;;;;;;;;;;;Combustíveis sólidos;;;;;;;;;;;;;;;;;;;;;;;;;;;;;;;;Petróleo bruto e produtos petrolíferos;;;;;;;;;;;;;;;;;;;;;;;;;;;;;;;;Gás;;;;;;;;;;;;;;;;;;;;;;;;;;;;;;;;Energia nuclear;;;;;;;;;;;;;;;;;;;;;;;;;;;;;;;;Energias renováveis;;;;;;;;;;;;;;;;;;;;;;;;;;;;;;;;;;;;;;;;;;;;;;;;;;;;;;;;;;;;;;;;;;;;;;;;;;;;;;;;;;;;;;;;;;;;;;
Anos;UE27 (2020) - União Europeia 27 (desde 2020);UE28 - União Europeia (28 Países);ZE19 - Zona Euro (19 Países);DE - Alemanha;AT - Áustria;BE - Bélgica;BG - Bulgária;CY - Chipre;HR - Croácia;DK - Dinamarca;SK - Eslováquia;SI - Eslovénia;ES - Espanha;EE - Estónia;FI - Finlândia;FR - França;GR - Grécia;HU - Hungria;IE - Irlanda;IT - Itália;LV - Letónia;LT - Lituânia;LU - Luxemburgo;MT - Malta;NL - Países Baixos;PL - Polónia;PT - Portugal;CZ - República Checa;RO - Roménia;SE - Suécia;NO - Noruega;UK - Reino Unido;UE27 (2020) - União Europeia 27 (desde 2020);UE28 - União Europeia (28 Países);ZE19 - Zona Euro (19 Países);DE - Alemanha;AT - Áustria;BE - Bélgica;BG - Bulgária;CY - Chipre;HR - Croácia;DK - Dinamarca;SK - Eslováquia;SI - Eslovénia;ES - Espanha;EE - Estónia;FI - Finlândia;FR - França;GR - Grécia;HU - Hungria;IE - Irlanda;IT - Itália;LV - Letónia;LT - Lituânia;LU - Luxemburgo;MT - Malta;NL - Países Baixos;PL - Polónia;PT - Portugal;CZ - República Checa;RO - Roménia;SE - Suécia;NO - Noruega;UK - Reino Unido;UE27 (2020) - União Europeia 27 (desde 2020);UE28 - União Europeia (28 Países);ZE19 - Zona Euro (19 Países);DE - Alemanha;AT - Áustria;BE - Bélgica;BG - Bulgária;CY - Chipre;HR - Croácia;DK - Dinamarca;SK - Eslováquia;SI - Eslovénia;ES - Espanha;EE - Estónia;FI - Finlândia;FR - França;GR - Grécia;HU - Hungria;IE - Irlanda;IT - Itália;LV - Letónia;LT - Lituânia;LU - Luxemburgo;MT - Malta;NL - Países Baixos;PL - Polónia;PT - Portugal;CZ - República Checa;RO - Roménia;SE - Suécia;NO - Noruega;UK - Reino Unido;UE27 (2020) - União Europeia 27 (desde 2020);UE28 - União Europeia (28 Países);ZE19 - Zona Euro (19 Países);DE - Alemanha;AT - Áustria;BE - Bélgica;BG - Bulgária;CY - Chipre;HR - Croácia;DK - Dinamarca;SK - Eslováquia;SI - Eslovénia;ES - Espanha;EE - Estónia;FI - Finlândia;FR - França;GR - Grécia;HU - Hungria;IE - Irlanda;IT - Itália;LV - Letónia;LT - Lituânia;LU - Luxemburgo;MT - Malta;NL - Países Baixos;PL - Polónia;PT - Portugal;CZ - República Checa;RO - Roménia;SE - Suécia;NO - Noruega;UK - Reino Unido;UE27 (2020) - União Europeia 27 (desde 2020);UE28 - União Europeia (28 Países);ZE19 - Zona Euro (19 Países);DE - Alemanha;AT - Áustria;BE - Bélgica;BG - Bulgária;CY - Chipre;HR - Croácia;DK - Dinamarca;SK - Eslováquia;SI - Eslovénia;ES - Espanha;EE - Estónia;FI - Finlândia;FR - França;GR - Grécia;HU - Hungria;IE - Irlanda;IT - Itália;LV - Letónia;LT - Lituânia;LU - Luxemburgo;MT - Malta;NL - Países Baixos;PL - Polónia;PT - Portugal;CZ - República Checa;RO - Roménia;SE - Suécia;NO - Noruega;UK - Reino Unido;UE27 (2020) - União Europeia 27 (desde 2020);UE28 - União Europeia (28 Países);ZE19 - Zona Euro (19 Países);DE - Alemanha;AT - Áustria;BE - Bélgica;BG - Bulgária;CY - Chipre;HR - Croácia;DK - Dinamarca;SK - Eslováquia;SI - Eslovénia;ES - Espanha;EE - Estónia;FI - Finlândia;FR - França;GR - Grécia;HU - Hungria;IE - Irlanda;IT - Itália;LV - Letónia;LT - Lituânia;LU - Luxemburgo;MT - Malta;NL - Países Baixos;PL - Polónia;PT - Portugal;CZ - República Checa;RO - Roménia;SE - Suécia;NO - Noruega;UK - Reino Unido;;;;;;;;;;;;;;;;;;;;;;;;;;;;;;;;;;;;;;;;;;;;;;;;;;;;;;;;;;;;;;;
1990;740,771.8;x;485,865.8;186,606.0;8,136.1;12,420.7;9,260.2;6.1;5,696.0;10,135.3;5,252.3;3,056.3;34,357.5;5,225.9;12,030.6;110,637.3;9,198.5;14,719.0;3,467.4;25,317.5;1,122.5;5,027.8;28.8;0.0;60,581.9;103,741.8;3,392.6;41,081.3;40,768.8;29,503.6;116,093.6;206,608.0;305,507.7;x;152,694.6;121,689.2;637.3;609.7;5,090.9;0.0;100.8;0.0;1,396.6;1,350.3;11,675.3;0.0;0.0;7,811.7;7,118.5;4,223.8;15.6;275.2;0.0;0.0;0.0;0.0;0.0;98,835.3;115.2;36,294.7;8,263.8;3.7;203.4;52,619.1;40,415.0;x;20,751.1;5,350.4;1,208.0;0.0;60.6;0.0;2,775.1;6,113.1;77.1;3.0;1,127.7;0.0;0.0;3,494.3;837.2;2,340.1;0.0;4,467.6;0.0;12.0;0.0;0.0;4,173.9;175.3;0.0;185.8;8,010.8;3.0;80,262.6;95,016.5;123,067.3;x;89,365.9;13,532.1;1,107.7;9.7;11.3;0.0;1,619.3;2,769.8;338.2;20.2;1,273.2;0.0;0.0;2,515.7;138.1;3,811.6;1,872.9;14,029.8;0.0;0.0;0.0;0.0;54,528.3;2,377.9;0.0;200.7;22,910.8;0.0;24,147.6;40,925.4;188,580.2;x;160,420.4;39,636.3;0.0;11,020.3;3,782.9;0.0;0.0;0.0;3,104.7;1,192.3;13,998.6;0.0;4,956.8;81,018.3;0.0;3,542.0;0.0;0.0;0.0;4,589.8;0.0;0.0;903.4;0.0;0.0;3,246.3;0.0;17,588.6;0.0;16,960.2;70,802.3;x;51,575.5;5,313.4;4,990.1;481.2;314.5;6.1;1,200.8;1,085.8;328.0;490.5;6,221.9;187.9;5,255.0;15,224.3;1,104.7;789.8;167.7;6,380.6;1,061.8;320.5;18.2;0.0;746.1;1,581.6;3,277.4;1,140.7;1,583.3;11,530.3;11,394.1;1,028.9;;;;;;;;;;;;;;;;;;;;;;;;;;;;;;;;;;;;;;;;;;;;;;;;;;;;;;;;;;;;;;;
1991;725,540.7;x;479,499.1;168,350.5;8,382.6;12,248.9;8,468.4;5.5;5,685.1;11,970.9;4,798.6;3,091.0;34,096.5;4,599.4;11,118.4;117,336.5;9,035.3;14,472.7;3,287.4;26,081.5;1,123.5;4,991.8;30.5;0.0;67,527.4;99,646.7;3,394.1;38,654.9;35,918.6;31,224.1;126,217.2;213,007.5;279,517.8;x;135,104.5;106,085.5;541.8;374.4;4,664.5;0.0;91.2;0.0;1,207.0;1,247.5;10,978.1;0.0;0.0;7,410.0;6,903.4;4,016.3;0.6;245.5;0.0;0.0;0.0;0.0;0.0;94,621.4;110.7;33,979.9;7,030.4;9.6;221.5;53,488.0;39,336.3;x;20,246.6;4,562.8;1,340.9;0.0;59.0;0.0;2,431.1;7,132.0;74.4;2.0;1,396.9;0.0;0.0;3,828.4;765.7;2,250.6;0.0;4,209.6;0.0;33.6;0.0;0.0;4,032.2;172.6;0.0;181.3;6,861.1;2.0;91,601.4;94,682.9;128,543.8;x;96,794.2;13,532.1;1,140.0;8.2;8.1;0.0;1,489.9;3,480.3;232.9;16.5;1,190.7;0.0;0.0;2,856.2;136.5;3,849.2;1,919.4;14,111.0;0.0;0.0;0.0;0.0;61,650.7;2,658.2;0.0;206.4;20,057.5;0.0;23,910.1;45,565.8;193,463.9;x;163,592.1;38,003.5;0.0;11,056.1;3,400.9;0.0;0.0;0.0;3,015.2;1,277.4;14,336.5;0.0;5,032.9;85,470.3;0.0;3,540.7;0.0;0.0;0.0;4,541.3;0.0;0.0;858.7;0.0;0.0;3,129.5;0.0;19,800.8;0.0;18,196.8;73,706.3;x;54,259.2;5,069.5;5,145.3;486.8;335.9;5.5;1,672.9;1,178.7;262.9;547.6;6,133.4;187.0;5,079.6;17,144.9;1,229.7;796.5;167.8;7,374.3;1,051.9;314.0;19.7;0.0;756.0;1,355.5;3,283.4;1,144.3;1,969.7;10,993.5;10,390.8;1,015.3;;;;;;;;;;;;;;;;;;;;;;;;;;;;;;;;;;;;;;;;;;;;;;;;;;;;;;;;;;;;;;;
1992;713,290.7;x;475,733.0;163,237.0;8,594.7;12,193.1;8,773.6;5.5;5,125.4;12,974.8;4,453.3;2,937.7;33,493.3;4,417.3;12,071.0;118,936.0;8,955.8;13,879.8;3,082.2;27,258.6;1,080.5;4,473.8;45.6;0.0;67,557.6;97,491.5;2,939.7;36,618.0;33,702.5;28,992.1;141,451.5;214,540.9;266,584.8;x;126,182.0;97,596.0;461.7;127.9;5,380.5;0.0;72.0;0.0;1,024.8;1,365.9;11,466.8;0.0;0.0;6,818.6;6,995.1;3,714.7;0.6;234.1;0.0;0.0;0.0;0.0;0.0;92,442.1;90.6;31,433.5;7,347.2;12.7;240.9;48,404.7;38,715.8;x;19,378.7;4,347.2;1,238.4;0.0;54.0;0.0;2,160.7;7,910.1;75.9;2.0;1,376.3;0.0;0.0;3,592.1;628.9;2,128.0;0.0;4,397.5;0.0;64.1;0.0;0.0;3,656.2;216.5;0.0;193.2;6,673.5;1.0;104,430.7;98,552.5;126,784.8;x;97,731.3;13,721.3;1,235.1;4.8;29.8;0.0;1,472.8;3,625.2;212.3;14.3;1,089.1;0.0;0.0;2,782.9;126.1;3,614.1;1,898.5;14,733.5;0.0;0.0;0.0;0.0;61,913.4;2,559.8;0.0;140.2;17,611.6;0.0;25,758.8;46,335.9;193,848.1;x;167,714.8;41,010.2;0.0;11,209.6;2,979.9;0.0;0.0;0.0;2,850.4;1,024.3;14,389.2;0.0;4,968.2;87,303.1;0.0;3,602.1;0.0;0.0;0.0;3,979.6;0.0;0.0;980.2;0.0;0.0;3,159.9;0.0;16,391.4;0.0;19,812.6;75,519.3;x;54,586.8;5,365.8;5,404.0;482.7;329.5;5.5;1,419.9;1,248.3;284.4;531.1;5,108.4;216.4;5,316.6;17,811.9;1,161.6;795.2;162.4;7,780.0;982.6;311.7;34.5;0.0;778.0;1,496.1;2,849.1;1,674.1;1,806.5;12,162.9;10,937.7;1,361.6;;;;;;;;;;;;;;;;;;;;;;;;;;;;;;;;;;;;;;;;;;;;;;;;;;;;;;;;;;;;;;;
1993;709,143.3;x;471,420.8;152,013.8;8,808.5;11,528.9;9,228.6;5.5;5,426.7;13,951.9;4,957.7;2,760.5;32,710.5;3,517.6;11,759.7;125,298.8;8,977.8;13,662.4;3,451.7;28,300.0;1,180.4;3,962.7;44.2;0.0;68,866.9;97,115.9;3,275.7;36,089.3;33,420.3;28,827.3;148,788.0;222,823.8;250,975.4;x;115,032.8;87,729.1;440.9;0.0;5,213.7;0.0;65.7;0.0;1,039.4;1,231.7;10,908.1;0.0;0.0;6,277.9;7,163.1;3,353.4;0.6;161.3;0.0;0.0;0.0;0.0;0.0;88,927.8;80.8;30,762.0;7,619.9;0.0;179.9;39,063.2;38,648.6;x;18,721.8;4,137.1;1,212.0;0.0;43.7;0.0;2,189.8;8,429.2;68.8;2.0;1,080.0;0.0;0.0;3,486.5;514.2;2,020.2;0.0;4,514.6;0.0;74.3;0.0;0.0;3,632.1;254.0;0.0;216.0;6,774.0;0.0;111,871.8;104,789.4;129,610.8;x;99,765.1;13,752.0;1,279.3;3.8;54.5;0.0;1,673.7;4,007.6;195.5;11.4;596.0;0.0;0.0;2,883.6;93.0;3,890.6;2,156.3;15,681.6;0.0;0.0;0.0;0.0;63,112.4;3,270.9;0.0;188.2;16,760.1;0.0;25,406.7;54,477.6;199,597.8;x;173,340.5;39,582.2;0.0;10,815.2;3,604.4;0.0;0.0;0.0;2,962.9;1,020.5;14,460.9;0.0;5,140.5;94,975.4;0.0;3,558.7;0.0;0.0;0.0;3,364.5;0.0;0.0;1,018.4;0.0;0.0;3,257.2;0.0;15,837.1;0.0;23,048.9;80,044.4;x;55,729.1;5,479.0;5,676.7;339.7;312.2;5.5;1,497.5;1,306.5;469.7;494.8;5,593.0;205.5;5,620.6;17,047.1;1,177.9;814.2;160.6;7,834.6;1,100.2;462.7;33.7;0.0;833.0;3,925.7;3,194.9;1,644.0;2,256.7;12,558.5;11,240.7;1,348.2;;;;;;;;;;;;;;;;;;;;;;;;;;;;;;;;;;;;;;;;;;;;;;;;;;;;;;;;;;;;;;;
1994;696,514.1;x;460,910.9;145,143.8;8,442.1;11,194.5;9,376.5;11.7;4,860.1;15,159.1;5,443.0;2,882.1;32,021.9;3,640.8;12,948.5;122,560.1;9,150.2;13,248.7;3,560.3;29,508.4;1,325.1;2,800.6;45.3;0.0;66,746.5;96,995.3;3,486.0;33,479.4;31,734.1;30,749.9;164,166.6;250,996.0;239,995.8;x;107,070.7;80,909.0;357.1;0.0;5,044.4;0.0;60.0;0.0;1,076.0;1,154.3;10,597.0;0.0;0.0;5,489.0;7,360.8;3,084.0;0.6;66.7;0.0;0.0;0.0;0.0;0.0;88,857.0;60.3;28,103.4;7,776.3;0.0;202.0;28,087.0;40,100.5;x;19,589.4;3,954.0;1,163.3;0.0;36.6;0.0;1,870.4;9,299.2;69.9;2.0;925.9;0.0;0.0;3,414.5;486.5;1,935.6;0.0;4,732.2;0.0;94.7;0.0;0.0;4,746.5;322.8;0.0;221.7;6,819.7;5.0;125,633.4;140,061.1;125,163.3;x;97,442.4;14,266.1;1,165.0;0.9;45.4;0.0;1,463.8;4,342.3;222.5;10.8;180.6;0.0;0.0;2,940.8;47.6;3,755.5;2,193.6;16,545.7;0.0;0.0;0.0;0.0;59,868.9;3,099.3;0.0;191.0;14,823.6;0.0;27,566.8;58,162.4;198,979.2;x;169,169.5;38,922.7;0.0;10,479.1;3,967.3;0.0;0.0;0.0;3,248.9;1,188.9;14,268.2;0.0;5,011.3;92,858.4;0.0;3,624.0;0.0;0.0;0.0;2,168.8;0.0;0.0;1,023.3;0.0;0.0;3,347.5;0.0;18,870.9;0.0;22,772.7;80,535.1;x;57,503.8;5,778.0;5,539.8;323.6;282.8;11.7;1,466.0;1,299.3;545.4;526.1;5,956.5;371.1;5,801.0;17,224.4;1,203.5;820.1;174.1;8,054.4;1,218.3;476.8;35.0;0.0;838.2;3,847.4;3,425.8;1,584.2;2,274.7;11,456.8;10,672.2;1,766.7;;;;;;;;;;;;;;;;;;;;;;;;;;;;;;;;;;;;;;;;;;;;;;;;;;;;;;;;;;;;;;;
1995;705,266.6;x;465,621.1;144,903.9;8,781.0;11,519.9;10,246.1;42.4;5,007.0;15,656.7;5,013.0;2,955.6;31,331.3;3,542.7;13,109.2;125,990.5;9,298.5;13,855.6;4,101.1;29,424.8;1,432.0;3,944.2;44.6;0.0;66,868.7;98,841.2;3,317.7;32,316.5;32,385.9;31,336.5;175,476.9;256,449.5;238,517.3;x;104,204.8;78,905.2;338.3;0.0;5,286.8;0.0;47.5;0.0;1,016.6;1,191.7;10,121.9;0.0;0.0;5,077.4;7,510.1;3,265.7;0.6;43.0;0.0;0.0;0.0;0.0;0.0;90,548.8;0.0;27,277.3;7,886.3;0.0;196.0;31,157.5;39,582.9;x;18,606.3;3,896.2;1,094.3;0.0;43.7;0.0;1,809.2;9,352.2;75.8;2.0;805.9;0.0;0.0;3,051.1;418.3;2,289.6;0.0;5,385.3;0.0;128.1;0.0;0.0;3,749.3;360.6;0.0;226.4;6,890.9;4.0;135,405.6;136,628.6;127,275.9;x;99,327.8;15,099.4;1,273.9;0.2;39.6;0.0;1,606.3;4,701.7;264.1;15.6;379.4;0.0;0.0;2,792.9;43.9;3,787.7;2,249.1;16,346.7;0.0;0.0;0.0;0.0;60,862.5;3,169.2;0.0;198.0;14,445.7;0.0;28,258.1;63,714.7;204,531.5;x;175,248.4;39,555.6;0.0;10,667.9;4,470.3;0.0;0.0;0.0;2,950.2;1,232.8;14,304.8;0.0;4,956.8;97,308.1;0.0;3,618.1;0.0;0.0;0.0;3,235.7;0.0;0.0;1,036.5;0.0;0.0;3,154.8;0.0;18,040.0;0.0;22,948.6;82,693.5;x;57,535.0;5,976.8;5,849.1;442.6;405.7;42.4;1,544.1;1,356.5;495.9;513.5;5,505.2;509.8;6,115.7;17,040.0;1,289.0;868.6;154.6;7,487.7;1,354.0;501.0;34.7;0.0;905.1;3,924.0;3,317.7;1,426.4;2,796.9;12,836.2;11,527.9;1,835.8;;;;;;;;;;;;;;;;;;;;;;;;;;;;;;;;;;;;;;;;;;;;;;;;;;;;;;;;;;;;;;;
1996;722,538.4;x;479,748.4;143,079.8;8,685.4;11,993.1;10,648.0;43.2;5,150.8;17,734.8;4,948.6;2,864.0;32,514.9;3,967.5;13,562.6;130,538.1;9,120.4;13,641.9;3,539.6;30,275.6;1,436.0;4,588.9;37.4;0.0;74,760.7;98,519.4;3,792.8;32,741.0;32,892.2;31,462.1;200,265.7;267,763.3;233,218.1;x;98,294.9;73,869.2;262.0;0.0;5,401.5;0.0;38.9;0.0;1,027.0;1,103.4;9,818.3;0.0;0.0;4,991.6;7,189.2;3,333.7;0.0;34.2;0.0;0.0;0.0;0.0;0.0;90,453.0;0.0;27,632.1;8,064.0;0.0;154.4;29,260.7;39,236.7;x;17,663.2;3,775.6;1,060.8;0.0;32.5;0.0;1,740.0;10,323.1;71.7;1.0;521.8;0.0;0.0;2,672.2;471.0;2,110.8;0.0;5,585.2;0.0;155.2;0.0;0.0;3,348.7;395.6;0.0;154.0;6,817.4;0.0;153,276.4;136,255.1;136,041.9;x;108,149.8;16,322.0;1,282.6;1.7;33.0;0.0;1,458.6;5,713.2;241.7;11.1;425.9;0.0;0.0;2,406.5;46.3;3,601.2;2,167.8;16,363.6;0.0;0.0;0.0;0.0;68,880.5;3,140.2;0.0;182.0;13,764.0;0.0;36,763.0;75,887.1;214,742.2;x;183,518.5;41,325.0;0.0;11,178.7;4,682.6;0.0;0.0;0.0;2,901.7;1,198.7;14,530.5;0.0;5,023.9;102,495.3;0.0;3,709.7;0.0;0.0;0.0;3,791.6;0.0;0.0;1,073.1;0.0;0.0;3,314.7;357.5;19,159.2;0.0;24,420.7;86,509.2;x;60,796.3;6,164.5;5,788.3;422.7;498.4;43.2;1,913.2;1,430.3;439.5;549.7;6,982.9;615.1;6,162.2;17,227.9;1,374.0;858.1;168.5;8,120.5;1,342.6;534.9;29.8;0.0;1,037.0;3,882.5;3,792.8;1,424.0;3,847.4;11,858.9;9,979.8;1,777.1;;;;;;;;;;;;;;;;;;;;;;;;;;;;;;;;;;;;;;;;;;;;;;;;;;;;;;;;;;;;;;;
1997;715,226.8;x;469,901.0;143,402.7;8,711.1;13,057.5;10,174.3;41.6;4,925.7;20,316.3;4,918.2;2,984.8;31,524.9;3,884.6;15,015.9;127,439.7;9,588.1;13,323.9;2,853.2;30,407.4;1,623.8;4,162.3;42.5;0.0;66,495.1;99,676.3;3,747.6;33,397.6;31,509.4;32,002.3;204,892.1;267,176.9;229,784.3;x;94,953.6;70,755.0;267.2;0.0;5,011.6;0.0;29.4;0.0;1,061.7;1,179.0;9,822.0;0.0;0.0;4,108.5;7,706.2;3,481.7;0.0;54.0;0.0;0.0;0.0;0.0;0.0;91,715.1;0.0;27,990.0;6,602.9;0.0;259.1;28,681.5;40,301.9;x;17,525.3;3,750.6;1,042.7;0.0;30.2;0.0;1,832.7;11,446.3;64.8;1.0;378.1;0.0;75.1;2,287.3;426.1;1,965.2;0.0;6,047.7;0.0;212.0;0.0;0.0;3,239.9;371.1;0.0;419.1;6,711.9;0.0;152,978.9;133,755.9;125,678.9;x;98,565.8;16,078.7;1,227.8;0.1;28.1;0.0;1,402.7;7,047.2;222.4;10.3;162.7;0.0;0.0;2,127.0;44.9;3,359.7;1,906.2;15,779.8;0.0;0.0;0.0;0.0;61,005.8;3,204.1;0.0;163.3;11,908.0;0.0;41,018.4;77,299.0;216,856.1;x;185,948.8;43,988.1;0.0;12,229.1;4,599.0;0.0;0.0;0.0;2,856.3;1,294.7;14,264.3;0.0;5,389.7;102,016.3;0.0;3,654.3;0.0;0.0;0.0;3,289.3;0.0;0.0;621.2;0.0;0.0;3,222.9;1,392.9;18,038.2;0.0;25,317.1;89,791.5;x;61,460.7;7,122.2;5,904.2;429.3;484.8;41.6;1,660.9;1,535.0;431.9;499.7;6,645.3;636.1;6,744.7;16,143.4;1,368.9;834.4;180.7;8,334.9;1,530.0;541.7;33.5;0.0;1,125.0;3,873.0;3,747.6;1,553.6;4,865.4;13,523.6;10,546.9;1,944.4;;;;;;;;;;;;;;;;;;;;;;;;;;;;;;;;;;;;;;;;;;;;;;;;;;;;;;;;;;;;;;;
1998;684,352.8;x;455,391.0;135,772.7;8,883.2;12,800.6;10,185.2;43.0;4,852.9;20,464.2;4,962.4;3,032.8;32,171.9;3,243.1;13,569.8;124,126.3;9,865.1;12,460.7;2,460.6;30,293.2;1,770.6;4,707.5;53.1;0.0;63,902.9;86,922.6;3,732.1;31,738.5;28,897.3;33,440.4;199,281.6;271,042.0;206,986.0;x;88,197.3;64,898.1;269.6;0.0;5,066.5;0.0;30.6;0.0;1,063.8;1,193.8;9,280.2;0.0;0.0;3,318.5;8,126.0;3,158.3;0.0;47.2;0.0;0.0;0.0;0.0;0.0;79,282.4;0.0;26,101.3;5,149.6;0.0;220.1;23,869.6;39,901.1;x;16,990.1;3,868.7;1,062.8;0.0;35.6;0.0;1,860.4;11,741.1;60.8;1.0;539.1;0.0;96.4;2,094.5;288.9;1,827.5;0.0;5,754.9;0.0;276.9;0.0;0.0;2,946.1;424.9;0.0;433.3;6,588.1;0.0;146,440.5;138,058.9;120,045.7;x;94,372.6;15,670.3;1,348.0;0.0;23.4;0.0;1,282.5;6,834.4;199.9;6.9;102.4;0.0;0.0;1,837.4;40.3;2,965.4;1,406.9;15,568.4;0.0;0.0;0.0;0.0;58,192.2;3,248.6;0.0;169.3;11,149.5;0.0;41,354.4;81,167.4;215,220.6;x;183,444.2;41,696.6;0.0;11,908.4;4,379.5;0.0;0.0;0.0;2,939.1;1,300.6;15,217.5;0.0;5,637.1;100,083.4;0.0;3,647.6;0.0;0.0;0.0;3,677.7;0.0;0.0;983.8;0.0;0.0;3,399.3;1,369.0;18,981.0;0.0;25,662.8;92,232.2;x;63,344.2;7,684.8;5,952.6;491.6;676.5;43.0;1,679.4;1,602.9;440.6;530.4;6,782.7;511.7;7,246.9;16,012.3;1,362.3;832.1;231.4;8,681.2;1,756.0;611.6;36.6;0.0;1,236.5;3,882.7;3,732.1;1,569.5;4,640.2;14,004.8;11,165.3;2,080.9;;;;;;;;;;;;;;;;;;;;;;;;;;;;;;;;;;;;;;;;;;;;;;;;;;;;;;;;;;;;;;;
1999;675,224.4;x;453,337.2;137,025.0;9,756.2;13,584.6;9,113.6;43.7;4,451.9;23,862.9;5,478.1;2,855.6;30,494.1;2,992.2;15,383.6;125,809.5;9,567.6;11,919.3;2,460.1;29,226.4;1,641.9;3,755.5;53.5;0.0;59,841.9;83,091.6;3,367.7;28,876.3;27,881.5;32,690.2;202,358.0;280,861.7;195,942.1;x;85,302.3;63,167.6;265.3;0.0;4,276.0;0.0;8.7;0.0;1,083.5;1,087.1;8,594.1;0.0;0.0;3,041.8;8,034.3;2,950.5;0.0;28.7;0.0;0.0;0.0;0.0;0.0;75,626.8;0.0;23,133.5;4,644.3;0.0;271.1;21,773.3;40,943.3;x;15,627.7;3,834.1;1,082.2;0.0;43.3;0.0;1,423.6;14,856.1;65.4;1.1;304.7;0.0;99.5;2,004.6;14.7;1,781.2;0.0;5,137.4;0.0;232.0;0.0;0.0;2,852.1;522.0;0.0;387.6;6,301.8;0.0;145,965.3;143,021.8;115,107.5;x;89,702.0;16,707.8;1,493.3;0.4;21.3;0.0;1,266.5;7,023.8;163.8;4.9;130.8;0.0;0.0;1,669.6;2.5;2,624.1;1,103.4;14,312.9;0.0;0.0;0.0;0.0;54,112.7;3,102.2;0.0;175.3;11,192.3;0.0;44,137.7;89,198.3;219,054.5;x;187,597.8;43,853.1;0.0;12,644.1;4,100.8;0.0;0.0;0.0;3,383.6;1,211.4;15,181.1;0.0;5,926.2;101,696.6;0.0;3,690.5;0.0;0.0;0.0;2,713.2;0.0;0.0;988.5;0.0;0.0;3,445.5;1,340.8;18,879.1;0.0;24,539.9;92,623.9;x;64,515.8;7,964.1;6,681.3;497.6;663.5;43.7;1,753.1;1,669.8;457.5;551.3;6,027.9;525.5;7,255.7;16,524.2;1,452.5;843.4;221.7;9,400.5;1,570.8;656.2;34.6;0.0;1,311.4;3,757.1;3,339.2;1,662.5;4,399.9;13,358.6;11,872.0;2,133.2;;;;;;;;;;;;;;;;;;;;;;;;;;;;;;;;;;;;;;;;;;;;;;;;;;;;;;;;;;;;;;;
2000;675,800.3;x;454,267.5;135,235.5;9,799.5;13,400.8;9,861.6;44.3;4,263.4;27,815.9;6,282.6;3,198.5;31,320.7;3,180.9;14,909.2;129,260.2;10,043.7;11,610.0;2,158.6;28,173.2;1,409.2;3,488.2;63.4;0.0;58,452.6;78,632.8;3,846.4;30,811.4;28,525.7;30,011.9;217,610.7;271,973.7;189,777.5;x;81,249.3;60,599.6;292.4;0.0;4,294.8;0.0;0.0;0.0;1,018.2;1,062.0;7,965.7;0.0;0.0;2,086.3;8,221.6;2,892.9;0.0;3.5;0.0;0.0;0.0;0.0;0.0;70,690.4;0.0;25,048.6;5,601.5;0.0;424.2;18,300.9;44,566.9;x;15,708.3;4,391.4;1,091.8;0.0;46.4;0.0;1,349.9;18,260.7;58.6;1.0;229.3;0.0;101.5;1,911.2;256.1;1,681.4;0.0;4,691.5;0.0;321.8;0.0;0.0;2,654.0;717.0;0.0;387.3;6,415.8;0.0;157,319.5;131,723.4;112,231.0;x;86,526.4;15,800.5;1,548.4;2.1;12.3;0.0;1,354.8;7,411.5;132.9;6.0;148.0;0.0;0.0;1,504.7;42.3;2,475.1;958.3;13,622.4;0.0;0.0;0.0;0.0;52,760.9;3,313.4;0.0;169.3;10,968.1;0.0;46,282.0;97,554.3;222,051.4;x;193,932.3;43,750.5;0.0;12,422.3;4,720.0;0.0;0.0;0.0;4,254.7;1,228.1;16,046.3;0.0;5,798.5;107,092.5;0.0;3,701.2;0.0;0.0;0.0;2,326.7;0.0;0.0;1,012.7;0.0;0.0;3,505.6;1,407.4;14,784.9;0.0;21,942.3;96,103.0;x;66,918.7;8,983.3;6,608.0;533.6;776.5;44.3;1,557.5;1,817.1;496.4;901.0;6,741.8;512.0;7,750.7;15,737.0;1,460.1;830.2;235.0;9,597.2;1,392.9;681.9;38.6;0.0;1,445.7;3,808.4;3,759.3;1,613.5;4,040.0;14,741.1;13,481.2;2,263.8;;;;;;;;;;;;;;;;;;;;;;;;;;;;;;;;;;;;;;;;;;;;;;;;;;;;;;;;;;;;;;;
2001;685,266.9;x;459,775.3;134,534.6;9,809.9;13,087.4;10,329.6;44.5;4,609.9;27,200.0;6,566.3;3,352.1;33,235.8;3,170.1;15,342.8;130,664.8;10,023.4;11,295.5;1,775.0;26,811.4;1,523.0;4,405.0;72.0;0.0;61,260.5;79,528.7;4,096.8;31,513.0;27,669.4;33,345.6;227,161.1;261,965.7;187,255.7;x;78,023.8;58,148.8;282.9;0.0;4,497.4;0.0;0.0;0.0;979.9;1,008.0;7,767.7;0.0;0.0;1,356.2;8,392.0;2,663.6;0.0;88.3;0.0;0.0;0.0;0.0;0.0;71,026.2;0.0;25,347.1;5,697.7;0.0;1,200.0;18,785.6;42,388.8;x;14,842.1;4,353.3;1,027.3;0.0;37.7;0.0;1,250.2;17,343.6;54.7;0.0;341.5;0.0;95.4;1,632.5;175.7;1,566.6;0.0;4,171.8;0.0;479.7;0.0;0.0;2,510.2;839.4;0.0;368.4;6,140.8;0.0;164,519.4;121,794.1;114,443.0;x;88,321.9;15,931.7;1,485.5;0.0;18.3;0.0;1,642.2;7,589.5;150.7;5.2;470.9;0.0;0.0;1,509.5;40.2;2,476.9;658.6;12,483.3;0.0;0.0;0.0;0.0;55,586.4;3,492.0;0.0;121.9;10,780.2;0.0;49,830.0;95,256.6;229,690.0;x;197,104.5;44,188.7;0.0;11,955.9;5,086.4;0.0;0.0;0.0;4,562.7;1,356.1;16,433.7;0.0;5,874.4;108,618.1;0.0;3,689.0;0.0;0.0;0.0;3,089.4;0.0;0.0;1,025.6;0.0;0.0;3,804.6;1,404.8;18,600.8;0.0;23,240.1;99,340.1;x;70,670.2;9,636.4;6,705.8;602.6;688.8;44.0;1,712.7;1,920.5;772.3;982.7;8,082.7;552.0;7,507.2;16,582.8;1,377.0;868.4;233.8;9,774.6;1,506.5;706.1;40.0;0.0;1,554.1;4,070.8;4,009.5;1,760.1;3,418.8;14,229.9;11,487.9;2,274.7;;;;;;;;;;;;;;;;;;;;;;;;;;;;;;;;;;;;;;;;;;;;;;;;;;;;;;;;;;;;;;;
2002;689,561.1;x;463,139.9;134,385.4;9,831.8;13,280.9;10,581.6;44.7;4,506.5;28,633.9;6,690.0;3,443.7;31,435.2;3,374.8;16,091.5;132,654.5;10,292.0;11,191.3;1,544.8;28,252.1;1,609.3;5,227.9;72.9;0.2;61,265.2;79,276.0;3,643.0;31,718.5;29,241.8;31,271.5;233,554.3;258,896.3;186,021.9;x;77,898.8;58,345.3;331.2;0.0;4,428.3;0.0;0.0;0.0;930.4;1,175.4;7,449.9;0.0;0.0;981.0;8,582.1;2,683.0;0.0;103.5;0.0;0.0;0.0;0.0;0.0;70,661.0;0.0;24,254.8;6,096.0;0.0;1,430.9;18,503.5;47,302.9;x;17,327.7;4,648.6;1,055.7;0.0;38.9;0.0;1,217.1;18,633.5;51.7;1.0;319.3;0.0;111.7;1,519.2;174.2;1,609.2;0.0;5,698.1;0.0;442.0;0.0;0.0;3,306.3;792.6;0.0;422.7;7,261.2;0.0;159,685.0;121,049.0;112,950.2;x;86,960.4;15,987.3;1,593.4;0.0;16.2;0.0;1,732.0;7,603.1;145.2;5.2;466.9;0.0;0.0;1,449.7;42.4;2,355.6;677.5;11,976.3;0.0;0.0;0.0;0.0;54,616.7;3,569.2;0.0;114.7;10,599.0;0.0;60,018.2;93,407.9;233,158.1;x;200,425.2;42,521.6;0.0;12,216.7;5,265.3;0.0;0.0;0.0;4,767.8;1,426.0;16,255.2;0.0;5,751.1;112,663.8;0.0;3,642.4;0.0;0.0;0.0;3,813.1;0.0;0.0;1,009.9;0.0;0.0;4,833.5;1,422.1;17,569.5;0.0;22,660.7;97,565.9;x;69,276.4;10,782.7;6,490.5;575.8;825.4;44.7;1,553.4;2,033.2;744.1;836.0;6,846.6;567.9;7,824.2;15,019.3;1,456.2;877.2;261.3;10,178.9;1,575.2;773.0;38.0;0.2;1,709.8;4,140.6;3,551.9;1,988.1;3,748.5;13,123.1;12,301.5;2,521.7;;;;;;;;;;;;;;;;;;;;;;;;;;;;;;;;;;;;;;;;;;;;;;;;;;;;;;;;;;;;;;;
2003;694,386.5;x;468,226.1;136,021.4;9,483.8;13,504.0;10,171.1;48.1;4,631.2;28,520.7;6,469.4;3,404.5;32,764.1;3,906.3;15,917.9;134,270.4;9,973.2;10,413.9;1,835.8;29,898.7;1,737.2;5,552.4;74.4;0.3;59,027.7;78,829.0;4,336.6;33,750.8;29,391.4;30,452.5;234,483.2;246,963.7;184,797.3;x;76,359.8;57,698.6;270.2;0.0;4,645.4;0.0;0.0;0.0;819.0;1,184.2;6,975.0;0.0;0.0;1,078.0;8,176.0;2,708.6;0.0;158.8;0.0;0.0;0.0;0.0;0.0;70,162.2;0.0;24,385.2;6,536.1;0.0;1,975.9;17,291.0;47,317.6;x;17,571.9;4,859.9;1,026.3;0.0;30.3;0.0;1,155.9;18,633.5;47.8;0.0;325.3;0.0;107.6;1,542.0;126.2;1,606.9;0.0;5,761.9;0.0;389.0;0.0;0.0;3,386.0;777.1;0.0;475.7;7,066.3;0.0;155,570.9;110,785.7;108,839.3;x;83,378.8;15,923.2;1,653.3;0.0;12.8;0.0;1,788.6;7,202.5;166.5;4.3;196.7;0.0;0.0;1,281.6;31.0;2,285.7;543.7;11,371.8;0.0;0.0;0.0;0.0;52,206.8;3,611.3;0.0;131.1;10,428.5;0.0;66,528.0;92,633.5;234,410.0;x;201,687.0;42,583.6;0.0;12,221.6;4,506.2;0.0;0.0;0.0;4,752.5;1,343.2;15,960.9;0.0;5,863.5;113,775.6;0.0;2,887.6;0.0;0.0;0.0;4,149.7;0.0;0.0;1,036.5;0.0;0.0;6,673.8;1,265.5;17,389.9;0.0;22,876.9;106,217.9;x;77,855.1;13,694.9;6,117.5;707.9;948.8;47.7;1,683.7;2,291.2;651.2;867.3;9,192.5;667.0;7,885.5;15,522.5;1,606.5;906.1;236.2;12,130.1;1,728.4;793.5;41.4;0.3;1,723.5;4,150.0;4,241.2;1,967.8;4,002.4;12,412.7;10,276.9;2,597.8;;;;;;;;;;;;;;;;;;;;;;;;;;;;;;;;;;;;;;;;;;;;;;;;;;;;;;;;;;;;;;;
2004;709,936.8;x;479,533.9;137,996.8;9,842.9;13,527.6;10,266.0;50.2;4,749.8;31,143.6;6,338.1;3,582.1;32,359.2;3,710.0;15,871.4;135,418.5;10,368.4;10,216.6;1,878.3;29,142.8;1,847.5;5,392.7;86.5;0.4;68,224.9;78,120.0;3,895.7;33,490.2;28,566.6;33,850.1;236,082.3;225,041.2;180,931.8;x;75,546.5;58,311.9;55.0;0.0;4,538.3;0.0;0.0;0.0;817.0;1,200.8;6,453.5;0.0;0.0;99.4;8,546.8;2,182.2;0.0;62.2;0.0;0.0;0.0;0.0;0.0;68,804.6;0.0;23,562.6;6,297.5;0.0;1,949.0;14,474.0;46,811.1;x;17,049.3;4,859.6;1,077.0;0.0;30.5;0.0;1,099.4;19,782.8;41.6;0.0;257.6;0.0;140.1;1,552.1;122.4;1,572.0;0.0;5,616.4;0.0;307.6;0.0;0.0;3,074.8;919.3;0.0;583.0;5,774.9;0.0;153,480.7;99,630.0;118,010.1;x;90,621.8;14,547.0;1,600.1;0.0;267.2;0.0;1,795.5;8,491.7;141.9;4.3;309.5;0.0;0.0;1,107.7;28.7;2,366.7;688.3;10,615.1;0.0;0.0;0.0;0.0;61,579.1;3,927.3;0.0;162.4;10,377.5;0.0;69,843.4;86,769.7;239,962.4;x;204,177.8;43,095.0;0.0;12,204.3;4,379.6;0.0;0.0;0.0;4,554.6;1,408.2;16,407.4;0.0;5,859.7;115,625.4;0.0;3,118.9;0.0;0.0;0.0;4,037.4;0.0;0.0;985.9;0.0;0.0;6,867.2;1,431.1;19,987.8;0.0;20,636.0;112,179.7;x;81,621.6;15,890.1;6,586.2;759.9;1,019.4;48.5;1,850.6;2,468.5;744.8;959.8;8,809.0;680.5;8,728.0;15,881.9;1,635.9;949.6;284.1;12,193.0;1,836.9;849.1;50.9;0.4;1,883.1;4,320.7;3,799.5;2,163.5;4,593.7;13,192.2;10,672.4;2,884.2;;;;;;;;;;;;;;;;;;;;;;;;;;;;;;;;;;;;;;;;;;;;;;;;;;;;;;;;;;;;;;;
2005;702,998.8;x;472,507.2;137,782.9;9,888.3;13,769.3;10,643.0;51.0;4,764.2;31,343.0;6,441.6;3,730.6;30,001.0;3,868.3;16,691.8;135,820.1;10,377.7;10,856.4;1,700.4;30,208.1;1,860.9;4,145.6;106.6;0.5;62,447.6;77,926.1;3,614.7;33,233.1;27,911.9;33,813.8;231,542.4;204,838.9;176,851.5;x;73,142.4;56,458.2;0.0;0.0;4,177.9;0.0;0.0;0.0;637.1;1,184.0;6,264.8;0.0;0.0;0.0;8,538.0;1,748.1;0.0;60.3;0.0;0.0;0.0;0.0;0.0;68,419.7;0.0;23,570.0;5,793.4;0.0;987.3;11,778.6;45,791.6;x;16,900.2;5,102.5;946.9;0.0;30.5;0.0;1,034.2;19,017.7;33.5;0.0;167.7;0.0;150.2;1,380.6;92.0;1,409.2;0.0;6,260.4;0.0;220.0;0.0;0.0;2,546.3;894.8;0.0;591.7;5,913.5;0.0;142,249.8;88,467.3;111,118.3;x;83,414.6;14,333.9;1,330.8;0.0;384.4;0.0;1,865.2;9,383.6;126.3;3.4;143.9;0.0;0.0;908.8;18.3;2,330.7;486.6;9,886.2;0.0;0.0;0.0;0.0;56,176.4;3,884.4;0.0;154.1;9,701.3;0.0;75,041.5;79,397.3;236,774.3;x;201,743.0;42,060.6;0.0;12,277.3;4,854.7;0.0;0.0;0.0;4,732.7;1,517.8;14,842.4;0.0;6,002.8;116,473.5;0.0;3,616.5;0.0;0.0;0.0;2,804.8;0.0;0.0;1,031.0;0.0;0.0;6,457.2;1,432.9;18,669.9;0.0;21,053.7;118,390.3;x;84,892.9;17,957.0;7,211.3;874.8;1,137.1;47.7;1,860.6;2,535.6;861.0;1,014.6;8,393.0;692.2;8,163.8;15,999.3;1,704.5;1,689.5;369.2;13,328.4;1,853.7;899.8;71.5;0.5;1,975.9;4,549.4;3,474.7;2,287.5;4,984.2;14,453.4;13,111.7;3,486.3;;;;;;;;;;;;;;;;;;;;;;;;;;;;;;;;;;;;;;;;;;;;;;;;;;;;;;;;;;;;;;;
2006;703,473.2;x;476,319.1;140,452.0;10,328.2;13,676.1;11,032.4;51.6;5,006.3;29,600.7;6,487.3;3,603.0;31,171.1;3,746.2;18,212.6;135,159.5;10,133.1;10,800.8;1,684.0;30,074.7;1,846.4;3,737.9;114.4;0.6;61,473.4;76,873.0;4,366.9;33,879.0;27,998.7;31,963.3;222,649.2;186,446.2;172,733.7;x;69,224.4;53,220.5;0.0;0.0;4,307.4;0.0;0.0;0.0;561.8;1,209.6;6,048.9;0.0;0.0;0.0;8,170.3;1,756.6;0.0;13.3;0.0;0.0;0.0;0.0;0.0;67,105.9;0.0;23,861.6;6,477.8;0.0;1,607.4;10,580.3;42,790.9;x;16,257.3;5,086.4;965.5;0.0;28.4;0.0;1,002.0;17,294.3;30.9;0.0;140.4;0.0;152.3;1,248.6;86.6;1,358.0;0.0;6,102.7;0.0;184.3;0.0;0.0;2,259.7;813.4;0.0;441.2;5,596.4;0.0;132,640.7;80,009.9;110,485.5;x;82,603.8;14,916.8;1,473.2;0.0;373.8;0.0;2,216.5;9,323.2;176.0;3.4;63.0;0.0;0.0;1,058.5;26.0;2,382.1;432.7;8,991.9;0.0;0.0;0.0;0.0;55,462.2;3,880.4;0.0;147.3;9,558.4;0.0;76,511.9;72,008.0;236,349.4;x;202,239.3;43,147.6;0.0;12,032.2;5,070.2;0.0;0.0;0.0;4,812.3;1,431.1;15,509.7;0.0;5,908.7;116,128.4;0.0;3,514.9;0.0;0.0;0.0;2,374.4;0.0;0.0;894.8;0.0;0.0;6,795.3;1,452.8;17,277.0;0.0;19,462.9;125,401.5;x;92,096.6;21,900.8;7,397.5;932.1;1,193.3;49.8;1,783.2;2,570.2;863.5;945.8;9,156.9;645.1;8,767.8;15,702.3;1,844.6;1,714.8;425.4;14,200.8;1,839.9;956.3;77.5;0.6;2,168.0;4,765.7;4,221.8;2,459.2;4,831.0;13,987.4;11,736.5;3,827.8;;;;;;;;;;;;;;;;;;;;;;;;;;;;;;;;;;;;;;;;;;;;;;;;;;;;;;;;;;;;;;;
2007;690,013.4;x;471,213.4;138,547.2;10,951.2;14,308.9;9,929.5;73.5;4,910.5;27,142.8;5,794.4;3,704.7;30,137.3;4,408.2;16,144.7;133,549.9;10,199.9;10,729.7;1,418.9;31,136.6;1,801.8;4,061.7;117.8;0.8;60,216.3;71,735.7;4,639.7;33,992.2;27,717.3;32,642.2;215,048.9;175,759.3;169,273.7;x;70,101.2;54,365.4;0.0;0.0;4,745.7;0.0;0.0;0.0;550.7;1,239.3;5,456.4;0.0;0.0;0.0;8,389.1;1,772.8;0.0;100.3;0.0;0.0;0.0;0.0;0.0;61,991.9;0.0;23,804.0;6,858.1;0.0;2,733.6;9,875.1;40,537.7;x;16,788.8;5,059.3;948.3;0.0;26.4;0.0;952.4;15,579.1;23.8;0.0;143.5;0.0;40.6;1,218.0;74.4;1,213.5;0.0;6,308.3;0.0;157.4;0.0;0.0;2,815.3;733.6;0.0;430.6;4,813.2;0.0;121,055.9;79,872.2;105,167.8;x;79,004.1;14,859.0;1,497.1;0.0;235.7;0.0;2,362.4;8,267.6;108.7;2.6;15.6;0.0;0.0;915.4;22.1;2,004.5;321.8;7,949.2;0.0;0.0;0.0;0.0;53,312.6;3,896.7;0.0;164.0;9,232.7;0.0;78,085.5;64,912.1;225,455.4;x;191,705.8;36,251.2;0.0;12,440.3;3,838.4;0.0;0.0;0.0;4,101.3;1,469.0;14,214.0;0.0;6,042.0;113,429.9;0.0;3,824.7;0.0;0.0;0.0;2,674.5;0.0;0.0;1,083.4;0.0;0.0;6,823.0;1,988.6;17,274.9;0.0;16,258.3;135,116.4;x;100,836.8;25,534.0;8,022.7;1,139.2;1,015.7;66.6;1,589.2;2,868.9;961.5;983.1;9,998.6;744.8;8,755.2;16,880.9;1,708.8;1,853.5;453.7;15,953.0;1,794.1;964.3;84.9;0.8;2,284.5;4,850.2;4,506.3;2,569.6;4,717.7;14,814.9;13,004.5;4,248.5;;;;;;;;;;;;;;;;;;;;;;;;;;;;;;;;;;;;;;;;;;;;;;;;;;;;;;;;;;;;;;;
2008;698,705.1;x;480,956.4;136,284.1;11,170.4;13,885.1;10,243.1;80.9;4,809.6;26,705.4;6,260.5;3,894.4;30,185.8;4,225.5;16,469.0;135,907.8;9,904.9;10,885.2;1,548.3;32,878.1;1,789.3;4,130.9;123.8;0.9;67,743.0;70,684.2;4,473.6;33,174.5;28,919.5;32,327.3;221,529.0;166,691.3;161,054.2;x;64,263.7;50,057.2;0.0;0.0;4,815.5;0.0;0.0;0.0;623.7;1,184.8;4,194.2;0.0;0.0;0.0;8,129.5;1,693.6;0.0;74.3;0.0;0.0;0.0;0.0;0.0;60,535.1;0.0;22,785.1;6,961.1;0.0;2,302.1;10,466.1;37,836.5;x;15,472.9;4,796.0;1,001.3;0.0;24.4;0.0;888.7;14,414.5;20.7;0.0;128.3;0.0;22.3;1,280.4;56.7;1,245.3;0.0;5,684.6;0.0;130.8;0.0;0.0;2,351.8;790.9;0.0;342.8;4,656.9;0.0;116,096.0;74,611.7;110,471.2;x;84,254.0;13,172.0;1,234.5;0.0;156.3;0.0;2,194.3;9,017.7;87.4;2.6;14.0;0.0;0.0;810.9;14.6;2,005.8;368.1;7,579.9;0.0;0.0;0.0;0.0;60,970.0;3,689.9;0.0;160.5;8,992.6;0.0;89,370.5;62,571.4;228,671.2;x;194,383.0;38,304.8;0.0;11,754.4;4,131.6;0.0;0.0;0.0;4,452.2;1,618.1;15,212.3;0.0;5,922.1;113,356.9;0.0;3,862.1;0.0;0.0;0.0;2,686.7;0.0;0.0;1,075.4;0.0;0.0;6,918.4;2,895.8;16,480.4;0.0;13,539.0;145,530.3;x;109,201.8;26,829.1;8,420.2;1,374.9;1,113.4;75.2;1,718.0;2,827.0;1,032.9;1,079.5;10,308.9;755.4;9,163.2;19,302.9;1,700.1;2,010.3;519.8;18,787.4;1,781.7;1,053.8;88.7;0.9;2,586.3;5,402.3;4,340.8;2,755.3;5,336.2;15,166.1;13,578.7;4,975.2;;;;;;;;;;;;;;;;;;;;;;;;;;;;;;;;;;;;;;;;;;;;;;;;;;;;;;;;;;;;;;;
2009;668,675.3;x;462,869.3;128,967.6;11,704.5;14,340.5;9,704.4;90.4;4,963.6;24,029.7;5,810.1;3,626.5;30,518.6;4,157.8;16,248.0;129,767.5;10,130.2;11,557.5;1,433.5;31,622.0;2,097.4;4,409.1;111.2;0.9;62,908.0;66,895.6;4,925.6;31,583.5;28,187.0;28,884.8;218,639.6;154,907.4;149,858.4;x;60,230.3;46,384.6;0.0;0.0;4,559.9;0.0;0.0;0.0;653.3;1,159.8;3,810.9;0.0;0.0;0.0;8,175.9;1,556.0;0.0;45.7;0.0;0.0;0.0;0.0;0.0;56,095.5;0.0;20,853.3;6,563.4;0.0;1,772.5;10,182.9;34,553.5;x;13,825.5;4,347.4;1,089.9;0.0;25.4;0.0;833.7;13,251.9;17.4;0.0;106.1;0.0;98.5;1,137.7;72.9;1,205.7;0.0;4,916.7;0.0;117.5;0.0;0.0;1,921.3;697.6;0.0;305.7;4,408.0;0.0;111,408.4;70,898.2;103,191.6;x;78,373.4;13,016.2;1,343.9;0.0;13.1;0.0;2,196.5;7,523.5;87.7;2.6;12.2;0.0;0.0;763.4;11.7;2,287.3;253.3;6,562.6;0.0;0.0;0.0;0.0;56,319.7;3,677.8;0.0;181.7;8,938.4;0.0;92,870.1;52,627.5;212,543.5;x;181,951.7;34,733.2;0.0;11,853.3;3,877.9;0.0;0.0;0.0;3,783.0;1,354.7;13,783.0;0.0;5,762.0;106,857.0;0.0;3,878.0;0.0;0.0;0.0;2,845.5;0.0;0.0;980.0;0.0;0.0;6,975.4;2,979.6;12,881.0;0.0;15,229.0;151,743.0;x;113,507.7;26,876.6;8,723.2;1,739.4;1,179.4;83.8;1,924.5;2,831.4;1,222.9;1,093.3;12,380.1;864.7;7,928.8;19,773.9;1,865.6;2,557.0;588.8;19,294.6;2,089.3;1,170.1;83.1;0.9;2,942.5;6,058.6;4,785.9;3,048.1;5,274.6;15,361.7;12,428.7;5,425.6;;;;;;;;;;;;;;;;;;;;;;;;;;;;;;;;;;;;;;;;;;;;;;;;;;;;;;;;;;;;;;;
2010;695,292.2;x;486,777.1;131,671.3;12,116.0;15,012.1;10,452.7;93.0;5,169.1;23,362.0;6,008.6;3,689.8;34,553.1;4,930.3;17,084.2;136,765.7;9,493.7;11,707.4;1,826.2;32,944.7;1,977.3;1,563.3;118.6;4.3;71,123.4;66,834.4;5,801.5;31,862.6;27,370.0;31,756.9;209,993.1;145,979.8;146,621.4;x;58,391.1;45,905.8;0.0;0.0;4,927.4;0.0;0.0;0.0;613.4;1,196.0;3,296.4;0.0;0.0;0.0;7,315.4;1,593.3;0.0;64.1;0.0;0.0;0.0;0.0;0.0;55,076.9;0.0;20,729.9;5,902.9;0.0;1,298.7;10,528.4;33,002.3;x;13,441.9;3,671.8;1,052.7;0.0;23.4;0.0;764.8;12,485.7;15.4;0.0;124.3;0.0;68.0;1,091.0;104.8;1,084.1;0.0;5,560.2;0.0;117.5;0.0;0.0;1,636.1;747.4;0.0;268.8;4,186.2;0.0;101,838.0;65,449.6;109,503.7;x;85,138.9;11,113.2;1,397.1;0.0;59.1;0.0;2,214.7;7,342.8;88.3;6.0;44.6;0.0;0.0;645.8;7.6;2,234.9;234.3;6,884.5;0.0;0.0;0.0;0.0;64,717.5;3,693.0;0.0;201.7;8,618.6;0.0;94,721.3;49,785.8;219,620.7;x;187,227.4;36,200.8;0.0;11,608.9;3,849.1;0.0;0.0;0.0;3,853.3;1,335.2;16,134.8;0.0;5,565.0;111,612.0;0.0;3,963.0;0.0;0.0;0.0;0.0;0.0;0.0;917.4;0.0;0.0;7,160.4;2,922.8;14,498.0;0.0;13,947.0;168,194.0;x;126,172.4;30,873.5;9,046.6;2,460.0;1,533.5;85.9;2,181.9;3,123.9;1,403.8;1,134.0;14,630.8;987.5;9,373.6;22,165.6;2,033.8;2,744.3;571.8;19,394.8;1,964.4;1,184.7;87.8;4.3;3,127.9;6,892.3;5,641.5;3,298.9;5,708.4;16,538.3;11,918.2;5,808.4;;;;;;;;;;;;;;;;;;;;;;;;;;;;;;;;;;;;;;;;;;;;;;;;;;;;;;;;;;;;;;;
2011;682,275.9;x;472,203.3;125,140.3;11,441.8;15,132.5;12,240.5;101.4;4,618.6;20,654.4;6,169.6;3,743.4;32,160.4;5,038.0;16,763.9;137,494.7;9,679.1;11,634.6;1,722.3;31,917.4;2,075.2;1,578.8;113.3;6.4;66,393.2;67,805.9;5,531.5;32,379.8;27,492.9;33,246.1;200,320.5;127,207.1;149,419.5;x;58,711.5;46,697.3;0.0;0.0;6,206.9;0.0;0.0;0.0;601.6;1,200.5;2,648.7;0.0;0.0;0.0;7,504.9;1,645.4;0.0;58.4;0.0;0.0;0.0;0.0;0.0;55,298.2;0.0;20,895.6;6,661.9;0.0;930.2;10,552.1;31,382.4;x;13,313.3;3,807.4;835.4;0.0;22.4;0.0;707.0;11,236.8;17.4;0.0;101.0;0.0;60.9;1,063.2;89.3;958.4;0.0;5,580.6;0.0;116.5;0.0;0.0;1,641.6;681.4;0.0;334.1;4,129.0;0.0;96,326.0;53,997.3;102,873.4;x;79,804.5;10,893.0;1,376.7;0.0;350.7;0.0;2,007.0;5,889.8;102.8;1.7;45.5;0.0;0.0;505.8;6.4;2,115.3;196.3;6,919.7;0.0;0.0;0.0;0.0;59,756.7;3,849.9;0.0;189.4;8,666.8;0.0;90,550.2;39,623.8;215,345.9;x;181,845.2;27,807.2;0.0;11,700.6;4,105.1;0.0;0.0;0.0;4,027.0;1,470.5;15,044.7;0.0;5,627.0;115,209.0;0.0;3,964.9;0.0;0.0;0.0;0.0;0.0;0.0;959.2;0.0;0.0;7,199.9;2,978.9;15,252.0;0.0;15,626.0;164,615.3;x;121,892.8;32,061.5;8,546.9;2,530.6;1,471.0;101.3;1,900.3;3,114.7;1,386.9;1,046.8;13,946.2;976.5;9,135.8;19,157.7;2,050.4;2,856.7;737.7;18,223.6;2,071.3;1,162.1;81.4;6.4;3,289.3;7,497.3;5,380.4;3,538.0;5,027.4;17,317.1;12,301.8;6,669.4;;;;;;;;;;;;;;;;;;;;;;;;;;;;;;;;;;;;;;;;;;;;;;;;;;;;;;;;;;;;;;;
2012;689,034.4;x;476,383.9;126,408.2;12,855.8;13,530.8;11,689.0;113.2;4,232.9;18,870.3;6,235.6;3,489.9;33,627.2;5,091.5;16,857.1;136,582.4;10,476.3;11,612.6;1,290.4;34,964.4;2,336.8;1,594.1;123.4;8.8;66,089.2;71,098.7;4,708.8;32,368.0;27,197.4;35,581.6;206,320.4;113,229.8;151,021.5;x;59,813.1;47,596.3;0.0;0.0;5,607.9;0.0;0.0;0.0;567.4;1,093.2;2,460.7;0.0;0.0;0.0;8,044.7;1,606.5;0.0;50.8;0.0;0.0;0.0;0.0;0.0;57,506.8;0.0;20,141.5;6,345.7;0.0;824.9;9,639.5;30,213.7;x;13,372.1;3,735.6;932.8;0.0;24.4;0.0;631.4;10,249.8;14.4;0.0;143.5;0.0;71.1;964.5;85.7;1,030.3;0.0;5,629.4;0.0;104.2;0.0;0.0;1,691.1;701.2;0.0;313.7;3,890.8;0.0;89,625.4;46,276.0;99,404.2;x;77,730.5;9,568.9;1,479.6;0.0;308.3;0.0;1,634.8;5,159.1;127.2;1.7;51.8;0.0;0.0;451.9;6.9;1,768.1;179.5;7,047.5;0.0;0.0;0.0;0.0;58,815.6;3,906.8;0.0;213.9;8,682.7;0.0;101,451.7;33,699.4;208,372.4;x;174,051.5;25,618.6;0.0;9,765.3;4,020.2;0.0;0.0;0.0;4,050.0;1,308.1;15,990.5;0.0;5,536.0;110,863.0;0.0;3,986.1;0.0;0.0;0.0;0.0;0.0;0.0;920.0;0.0;0.0;7,674.0;3,008.5;15,632.0;0.0;15,206.0;182,509.6;x;135,767.2;35,872.4;9,785.9;2,820.5;1,664.9;113.2;1,958.5;3,078.4;1,433.5;1,063.5;14,635.5;1,056.3;9,936.4;22,693.7;2,324.1;3,133.4;744.4;21,104.4;2,331.4;1,197.9;91.2;8.8;3,991.4;8,535.6;4,562.8;3,796.6;5,242.2;19,332.7;14,192.0;7,611.3;;;;;;;;;;;;;;;;;;;;;;;;;;;;;;;;;;;;;;;;;;;;;;;;;;;;;;;;;;;;;;;
2013;689,895.0;x;485,356.9;123,957.2;12,394.0;14,328.5;10,666.0;114.6;4,457.6;16,782.9;6,412.5;3,515.4;34,876.4;5,653.3;17,687.0;138,488.2;9,365.7;11,297.8;2,328.7;36,766.6;2,143.5;1,679.2;132.3;9.4;69,751.9;70,738.4;5,752.5;30,313.6;25,808.6;34,473.2;196,309.7;106,697.9;140,810.3;x;55,251.4;45,054.7;0.0;0.0;4,782.3;0.0;0.0;0.0;584.3;1,074.9;1,762.8;0.0;0.0;0.0;6,728.3;1,611.7;0.0;46.4;0.0;0.0;0.0;0.0;0.0;56,834.8;0.0;17,673.6;4,656.4;0.0;1,245.0;7,516.4;29,324.2;x;13,619.6;3,726.1;885.5;0.0;28.4;0.0;613.9;8,917.8;12.5;0.0;371.8;0.0;0.0;989.6;63.8;877.4;0.0;5,747.6;0.0;87.9;0.0;0.0;1,734.9;982.9;0.0;256.0;4,028.3;0.0;85,351.0;42,223.4;99,461.5;x;79,265.0;8,865.6;1,190.1;0.0;233.9;0.0;1,507.3;4,281.9;104.4;2.6;49.8;0.0;0.0;289.4;5.8;1,544.3;165.0;6,335.0;0.0;0.0;0.0;0.0;62,257.4;3,823.1;0.0;205.9;8,600.1;0.0;96,388.6;31,797.4;206,514.0;x;172,300.2;25,052.2;0.0;10,336.5;3,667.6;0.0;0.0;0.0;4,110.5;1,250.9;14,785.0;0.0;5,694.0;110,414.9;0.0;3,869.5;0.0;0.0;0.0;0.0;0.0;0.0;656.2;0.0;0.0;7,758.5;2,922.2;15,996.0;0.0;15,443.0;193,657.9;x;146,770.8;37,151.3;9,680.1;3,030.4;1,890.1;114.6;2,327.7;3,207.8;1,466.7;1,161.5;17,554.3;1,122.2;9,930.1;25,146.8;2,546.7;3,314.0;775.7;23,499.7;2,137.0;1,288.4;98.8;9.4;4,449.9;8,607.6;5,607.1;4,198.5;5,560.7;17,780.8;12,973.6;9,097.7;;;;;;;;;;;;;;;;;;;;;;;;;;;;;;;;;;;;;;;;;;;;;;;;;;;;;;;;;;;;;;;
2014;673,271.5;x;472,754.8;121,047.9;12,316.9;12,149.4;11,307.2;122.2;4,366.8;16,224.6;6,319.2;3,564.3;35,591.3;5,572.0;17,805.0;139,481.8;8,859.6;10,880.0;2,056.3;36,694.5;2,380.3;1,788.5;152.9;13.4;60,261.1;67,083.3;6,578.1;29,499.2;26,273.9;34,881.7;196,919.3;105,349.7;135,227.4;x;53,597.0;44,132.6;0.0;0.0;5,106.0;0.0;0.0;0.0;579.3;818.1;1,628.2;0.0;0.0;0.0;6,384.2;1,588.0;0.0;54.6;0.0;0.0;0.0;0.0;0.0;53,639.3;0.0;16,848.4;4,448.7;0.0;1,124.2;6,924.3;28,928.2;x;13,911.6;3,436.2;990.6;0.0;26.4;0.0;611.3;8,350.8;11.5;0.0;308.1;0.0;0.0;951.9;58.3;837.5;0.0;5,982.9;0.0;83.8;0.0;0.0;2,088.1;969.6;0.0;260.4;3,960.6;0.0;86,160.4;41,500.1;85,866.6;x;65,984.1;6,864.1;1,085.0;0.0;159.5;0.0;1,443.7;4,138.2;83.8;2.6;20.8;0.0;0.0;12.5;5.4;1,437.3;132.3;5,855.1;0.0;0.0;0.0;0.0;51,922.5;3,726.3;0.0;211.9;8,765.5;0.0;95,797.3;32,185.1;208,966.1;x;174,048.1;25,010.7;0.0;8,176.2;4,046.7;0.0;0.0;0.0;4,053.0;1,499.5;14,931.1;0.0;5,688.5;113,747.8;0.0;3,937.4;0.0;0.0;0.0;0.0;0.0;0.0;941.3;0.0;0.0;7,630.8;2,941.2;16,362.0;0.0;13,850.0;194,191.0;x;147,210.1;37,302.1;9,595.4;2,995.3;1,913.8;115.3;2,301.7;3,356.4;1,440.8;1,211.3;18,328.7;1,186.0;10,121.9;23,077.1;2,391.0;2,981.1;875.8;23,644.2;2,371.0;1,358.2;120.2;13.4;4,632.6;8,181.5;6,429.9;4,290.2;6,089.5;17,866.7;13,452.3;10,034.9;;;;;;;;;;;;;;;;;;;;;;;;;;;;;;;;;;;;;;;;;;;;;;;;;;;;;;;;;;;;;;;
2015;657,779.3;x;455,562.5;120,545.5;12,228.1;10,300.3;12,032.5;131.0;4,414.5;16,156.5;6,394.2;3,317.3;34,140.0;5,591.1;17,213.1;140,730.9;8,529.7;11,104.6;1,963.3;36,098.1;2,338.3;1,859.8;150.3;15.7;48,108.0;67,759.5;5,907.9;28,553.3;26,374.5;35,821.4;207,589.5;115,813.4;133,780.8;x;51,334.5;43,003.9;0.0;0.0;5,831.8;0.0;0.0;0.0;495.3;862.4;1,246.1;0.0;0.0;0.0;5,675.3;1,518.3;0.0;51.4;0.0;0.0;0.0;0.0;0.0;53,589.8;0.0;16,795.4;4,711.1;0.0;742.3;5,114.9;28,212.2;x;13,648.9;3,539.8;887.9;0.0;25.4;0.0;693.1;7,897.7;11.6;0.0;234.4;0.0;0.0;990.0;56.5;866.0;0.0;5,788.1;0.0;75.1;0.0;0.0;2,065.4;946.3;0.0;206.0;3,928.7;0.0;89,824.7;47,048.7;72,378.7;x;52,636.5;6,335.2;1,037.4;0.0;84.5;0.0;1,471.4;4,144.2;77.8;2.6;54.1;0.0;0.0;19.1;4.7;1,369.0;112.8;5,545.5;0.0;0.0;0.0;0.0;39,447.3;3,682.9;0.0;204.8;8,785.2;0.0;102,846.9;34,245.8;203,781.7;x;170,722.9;23,636.3;0.0;6,283.2;3,912.0;0.0;0.0;0.0;4,028.0;1,332.2;14,903.2;0.0;5,606.2;113,996.4;0.0;3,994.3;0.0;0.0;0.0;0.0;0.0;0.0;937.4;0.0;0.0;6,680.4;2,940.1;15,532.0;0.0;15,479.3;200,380.5;x;150,119.9;39,778.3;9,631.1;3,053.8;2,117.2;127.7;2,240.7;3,735.5;1,591.6;1,082.4;17,288.5;1,307.2;10,395.1;24,050.5;2,704.1;3,249.7;1,012.4;23,563.8;2,330.2;1,466.1;116.4;15.7;4,821.9;8,970.2;5,783.0;4,385.3;5,934.9;19,627.0;13,771.0;12,937.9;;;;;;;;;;;;;;;;;;;;;;;;;;;;;;;;;;;;;;;;;;;;;;;;;;;;;;;;;;;;;;;
2016;641,215.9;x;445,204.5;115,865.8;12,564.2;14,732.4;11,272.8;138.5;4,439.2;15,287.9;6,234.1;3,483.6;34,405.8;5,187.4;17,276.9;133,373.7;6,771.6;11,279.7;4,239.0;33,518.6;2,447.1;1,892.6;160.2;18.5;46,298.5;66,601.1;6,595.9;27,032.6;24,738.4;35,359.7;209,803.7;118,085.6;124,669.4;x;45,827.3;39,725.0;0.0;0.0;5,081.3;0.0;0.0;0.0;451.7;941.9;736.2;0.0;0.0;0.0;3,972.6;1,462.5;0.0;0.0;0.0;0.0;0.0;0.0;0.0;52,091.6;0.0;15,972.7;4,234.0;0.0;549.0;2,650.7;25,201.6;x;11,365.8;3,597.2;804.0;0.0;24.4;0.0;762.6;7,111.6;10.3;0.0;142.5;0.0;0.0;939.0;160.4;991.9;0.0;4,028.8;0.0;64.7;0.0;0.0;1,619.1;1,026.7;0.0;184.5;3,734.2;0.0;92,237.0;49,292.5;71,436.2;x;52,990.6;6,550.9;974.5;0.0;76.7;0.0;1,369.1;4,054.1;76.6;4.3;48.0;0.0;0.0;18.0;9.6;1,428.8;2,487.9;4,737.9;0.0;0.0;0.0;0.0;38,083.0;3,552.7;0.0;180.2;7,784.0;0.0;102,335.8;35,890.4;197,052.8;x;164,484.0;21,794.7;0.0;10,589.0;4,010.9;0.0;0.0;0.0;3,894.0;1,348.6;15,272.9;0.0;5,589.8;105,078.8;0.0;4,070.7;0.0;0.0;0.0;0.0;0.0;0.0;916.1;0.0;0.0;5,977.5;2,810.7;15,699.0;0.0;15,413.8;203,332.0;x;153,596.3;39,684.7;10,068.2;3,108.2;1,996.2;133.7;2,297.3;3,746.9;1,603.3;1,148.4;17,767.5;1,491.9;10,538.7;25,593.3;2,568.9;3,200.5;1,005.0;23,568.7;2,437.4;1,501.7;126.4;18.5;4,799.9;9,167.0;6,431.9;4,402.3;6,095.6;18,830.1;14,293.5;13,526.1;;;;;;;;;;;;;;;;;;;;;;;;;;;;;;;;;;;;;;;;;;;;;;;;;;;;;;;;;;;;;;;
2017;639,598.0;x;443,277.6;115,557.6;12,635.5;14,537.8;11,727.6;144.7;4,224.7;15,635.6;6,369.8;3,551.0;33,985.4;5,785.8;18,239.5;131,377.2;7,490.5;11,149.7;4,879.9;36,666.7;2,587.2;2,077.8;182.2;30.5;41,338.8;64,165.3;5,839.7;27,361.4;25,490.5;36,565.6;214,670.5;118,131.4;122,628.7;x;46,517.2;39,442.4;0.0;0.0;5,669.5;0.0;0.0;0.0;446.4;933.4;1,127.8;0.0;0.0;0.0;4,567.3;1,283.2;0.0;0.0;0.0;0.0;0.0;0.0;0.0;49,527.3;0.0;15,164.7;4,466.8;0.0;87.9;1,934.0;25,001.3;x;11,460.6;3,529.6;745.8;0.0;24.3;0.0;773.3;6,919.1;8.2;0.5;121.2;0.0;0.0;898.1;129.0;1,045.4;0.0;4,456.1;0.0;56.5;0.0;0.0;1,515.5;1,002.4;0.0;208.4;3,567.8;0.0;91,016.7;48,463.1;66,609.9;x;47,244.4;6,028.8;1,042.9;0.0;66.3;0.0;1,229.5;4,350.4;116.8;7.2;23.8;0.0;0.0;14.1;9.1;1,410.7;2,848.2;4,535.9;0.0;0.0;0.0;0.0;32,617.5;3,511.9;0.0;188.5;8,608.3;0.0;108,719.9;35,983.1;194,898.9;x;160,599.4;19,654.7;0.0;10,299.7;3,940.7;0.0;0.0;0.0;3,985.0;1,488.1;15,131.5;0.0;5,390.1;103,860.7;0.0;4,084.0;0.0;0.0;0.0;0.0;0.0;0.0;789.5;0.0;0.0;7,016.8;2,907.0;16,351.0;0.0;15,123.8;210,277.9;x;160,056.8;42,388.1;10,177.4;3,232.5;1,938.2;141.4;2,210.4;3,971.8;1,615.1;1,073.6;17,108.7;1,590.9;11,670.7;24,909.0;2,785.2;3,196.2;1,174.5;26,540.4;2,580.1;1,656.4;145.3;30.5;5,540.7;9,228.4;5,696.2;4,466.5;5,844.5;19,365.0;14,447.3;15,450.0;;;;;;;;;;;;;;;;;;;;;;;;;;;;;;;;;;;;;;;;;;;;;;;;;;;;;;;;;;;;;;;
2018;637,088.1;x;442,559.7;113,317.5;12,024.6;11,325.7;11,957.4;196.7;4,195.3;13,882.7;5,999.9;3,414.4;34,363.0;6,604.6;19,697.7;137,365.9;7,534.7;10,871.6;5,039.2;37,342.1;2,860.7;2,056.8;209.1;33.6;36,676.3;64,620.7;6,497.2;27,343.1;25,059.0;36,598.6;207,293.9;121,651.4;116,090.5;x;44,285.2;37,859.2;0.0;0.0;5,056.1;0.0;0.0;0.0;367.0;901.4;882.9;0.0;0.0;0.0;4,274.8;1,141.1;0.0;0.0;0.0;0.0;0.0;0.0;0.0;47,010.9;0.0;14,580.6;4,016.6;0.0;100.9;1,657.6;24,487.5;x;12,024.9;3,491.2;698.6;0.0;22.8;0.0;765.8;5,819.0;7.2;0.9;87.9;0.0;0.0;874.1;201.2;1,108.1;0.0;5,090.5;0.0;46.5;0.0;0.0;1,526.9;1,031.9;0.0;196.4;3,518.4;0.0;85,717.4;52,849.6;59,195.4;x;40,767.6;4,714.7;859.1;0.0;28.5;0.0;1,017.7;3,703.8;77.6;13.6;75.5;0.0;0.0;7.7;12.7;1,467.2;2,747.2;4,461.9;0.0;0.0;0.0;0.0;27,797.5;3,469.0;0.0;179.6;8,562.0;0.0;106,770.9;34,978.9;195,247.6;x;160,020.3;19,571.0;0.0;6,960.9;4,168.3;0.0;0.0;0.0;3,760.0;1,364.6;14,478.8;0.0;5,444.1;107,628.7;0.0;4,006.0;0.0;0.0;0.0;0.0;0.0;0.0;812.3;0.0;0.0;7,449.0;2,877.0;16,727.0;0.0;14,060.7;219,942.4;x;166,406.3;43,463.7;9,814.2;3,387.8;2,584.3;192.5;2,392.2;3,977.6;1,613.4;1,076.3;18,290.6;1,743.4;11,952.7;27,145.7;3,017.1;3,003.2;1,330.5;26,656.7;2,846.7;1,657.3;171.2;33.6;5,658.3;12,076.1;6,354.5;4,567.9;5,909.2;19,025.5;14,287.8;16,807.0;;;;;;;;;;;;;;;;;;;;;;;;;;;;;;;;;;;;;;;;;;;;;;;;;;;;;;;;;;;;;;;
2019;617,676.7;x;428,511.8;105,275.9;12,407.1;15,194.0;11,693.0;208.4;3,900.4;12,495.2;6,940.0;3,381.7;34,700.3;4,909.2;19,267.4;134,024.5;6,336.8;10,786.7;4,144.2;36,909.8;2,828.2;2,041.1;233.3;36.1;33,121.7;62,142.7;6,552.1;26,598.0;24,529.9;37,019.1;195,693.1;121,505.4;100,065.8;x;32,754.6;28,420.3;0.0;0.0;4,676.1;0.0;0.0;0.0;355.5;891.3;0.0;0.0;0.0;0.0;3,087.5;993.5;0.0;0.0;0.0;0.0;0.0;0.0;0.0;44,352.6;0.0;13,361.2;3,927.7;0.0;81.2;1,403.5;22,611.2;x;10,863.2;3,213.3;660.2;0.0;0.0;0.0;742.1;5,152.9;6.1;0.5;40.4;0.0;0.0;884.6;164.4;1,163.4;0.0;4,708.0;0.0;40.0;0.0;0.0;1,145.6;1,008.5;0.0;159.6;3,521.4;0.0;80,942.2;53,819.7;52,263.4;x;35,414.0;4,373.6;770.0;2.9;32.4;0.0;851.3;2,764.4;103.1;5.9;116.2;0.0;0.0;14.4;9.6;1,328.2;2,143.5;3,931.1;0.0;0.0;0.0;0.0;23,943.8;3,426.7;0.0;172.5;8,273.9;0.0;100,866.0;33,972.5;196,180.9;x;161,140.0;19,332.0;0.0;10,593.5;4,301.8;0.0;0.0;0.0;4,048.0;1,375.2;15,218.0;0.0;5,675.9;103,987.0;0.0;4,106.0;0.0;0.0;0.0;0.0;0.0;0.0;910.3;0.0;0.0;7,548.2;2,846.0;16,239.0;0.0;13,252.5;227,312.5;x;172,237.9;45,688.7;10,342.7;3,630.9;2,551.2;203.2;2,280.0;4,192.6;2,227.2;1,046.7;18,799.9;1,865.4;12,094.1;27,397.5;3,063.7;3,053.8;1,464.8;27,088.3;2,814.4;1,655.1;195.2;36.1;6,225.2;12,267.7;6,399.0;4,974.7;5,811.5;19,943.1;13,395.6;17,526.0;;;;;;;;;;;;;;;;;;;;;;;;;;;;;;;;;;;;;;;;;;;;;;;;;;;;;;;;;;;;;;;
2020;573,822.4;x;400,449.7;97,976.4;12,387.9;13,333.7;10,832.0;218.3;3,729.5;9,532.0;6,758.9;3,505.8;35,422.9;4,379.5;18,413.4;122,586.5;4,946.5;10,588.2;3,536.9;37,672.6;2,709.9;2,031.6;304.9;41.3;27,427.5;57,958.3;6,795.3;23,502.0;22,360.9;34,869.9;208921.3;x;83,590.1;x;26,127.9;23,387.8;0.0;0.0;3,732.4;0.0;0.0;0.0;244.4;865.4;0.0;0.0;0.0;0.0;1,630.3;932.6;0.0;0.0;0.0;0.0;0.0;0.0;0.0;40,031.8;0.0;10,173.6;2,591.8;0.0;46.1;x;21,453.6;x;11,702.7;3,284.1;570.7;0.0;0.0;0.0;661.6;3,615.4;4.0;0.4;28.3;0.0;0.0;764.1;92.6;1,032.5;0.0;5,856.0;0.0;31.8;0.0;0.0;1,070.8;934.4;0.0;96.2;3,410.9;0.0;95282.3;x;41,187.1;x;26,990.7;4,030.8;632.6;4.6;47.8;0.0;705.1;1,190.9;54.7;4.6;41.6;0.0;0.0;15.6;6.7;1,320.4;1,651.4;3,287.2;0.0;0.0;0.0;0.0;17,260.8;3,378.1;0.0;162.6;7,391.5;0.0;98038.6;x;175,175.1;x;144,376.1;16,576.8;0.0;8,370.0;4,334.7;0.0;0.0;0.0;4,044.0;1,496.9;15,174.0;0.0;5,547.6;92,211.0;0.0;4,053.0;0.0;0.0;0.0;0.0;0.0;0.0;955.9;0.0;0.0;7,496.3;2,887.0;12,028.0;0;x;234,182.3;x;176,427.5;46,507.7;10,513.0;3,991.2;2,579.6;210.1;2,323.9;4,343.8;2,185.4;1,081.4;19,639.3;1,844.1;11,855.6;27,962.8;3,207.3;3,100.9;1,611.1;27,339.3;2,690.9;1,704.1;260.1;41.3;7,126.7;12,518.2;6,656.1;5,183.3;5,798.3;21,906.8;15165;x;;;;;;;;;;;;;;;;;;;;;;;;;;;;;;;;;;;;;;;;;;;;;;;;;;;;;;;;;;;;;;;
;;;;;;;;;;;;;;;;;;;;;;;;;;;;;;;;;;;;;;;;;;;;;;;;;;;;;;;;;;;;;;;;;;;;;;;;;;;;;;;;;;;;;;;;;;;;;;;;;;;;;;;;;;;;;;;;;;;;;;;;;;;;;;;;;;;;;;;;;;;;;;;;;;;;;;;;;;;;;;;;;;;;;;;;;;;;;;;;;;;;;;;;;;;;;;;;;;;;;;;;;;;;;;;;;;;;;;;;;;;;;;;;;;;;;;;;;;;;;;;;;;;;;;;;;;;;;;;
;;;;;;;;;;;;;;;;;;;;;;;;;;;;;;;;;;;;;;;;;;;;;;;;;;;;;;;;;;;;;;;;;;;;;;;;;;;;;;;;;;;;;;;;;;;;;;;;;;;;;;;;;;;;;;;;;;;;;;;;;;;;;;;;;;;;;;;;;;;;;;;;;;;;;;;;;;;;;;;;;;;;;;;;;;;;;;;;;;;;;;;;;;;;;;;;;;;;;;;;;;;;;;;;;;;;;;;;;;;;;;;;;;;;;;;;;;;;;;;;;;;;;;;;;;;;;;;
Produção primária de energia: total e por alguns tipos de produto energético;;;;;;;;;;;;;;;;;;;;;;;;;;;;;;;;;;;;;;;;;;;;;;;;;;;;;;;;;;;;;;;;;;;;;;;;;;;;;;;;;;;;;;;;;;;;;;;;;;;;;;;;;;;;;;;;;;;;;;;;;;;;;;;;;;;;;;;;;;;;;;;;;;;;;;;;;;;;;;;;;;;;;;;;;;;;;;;;;;;;;;;;;;;;;;;;;;;;;;;;;;;;;;;;;;;;;;;;;;;;;;;;;;;;;;;;;;;;;;;;;;;;;;;;;;;;;;;
Fontes de Dados: Eurostat | AIE | UNECE | Entidades Nacionais - Questionários Anuais Conjuntos sobre Energia;;;;;;;;;;;;;;;;;;;;;;;;;;;;;;;;;;;;;;;;;;;;;;;;;;;;;;;;;;;;;;;;;;;;;;;;;;;;;;;;;;;;;;;;;;;;;;;;;;;;;;;;;;;;;;;;;;;;;;;;;;;;;;;;;;;;;;;;;;;;;;;;;;;;;;;;;;;;;;;;;;;;;;;;;;;;;;;;;;;;;;;;;;;;;;;;;;;;;;;;;;;;;;;;;;;;;;;;;;;;;;;;;;;;;;;;;;;;;;;;;;;;;;;;;;;;;;;
Fonte: PORDATA;;;;;;;;;;;;;;;;;;;;;;;;;;;;;;;;;;;;;;;;;;;;;;;;;;;;;;;;;;;;;;;;;;;;;;;;;;;;;;;;;;;;;;;;;;;;;;;;;;;;;;;;;;;;;;;;;;;;;;;;;;;;;;;;;;;;;;;;;;;;;;;;;;;;;;;;;;;;;;;;;;;;;;;;;;;;;;;;;;;;;;;;;;;;;;;;;;;;;;;;;;;;;;;;;;;;;;;;;;;;;;;;;;;;;;;;;;;;;;;;;;;;;;;;;;;;;;;
Última actualização: 2022-05-04;;;;;;;;;;;;;;;;;;;;;;;;;;;;;;;;;;;;;;;;;;;;;;;;;;;;;;;;;;;;;;;;;;;;;;;;;;;;;;;;;;;;;;;;;;;;;;;;;;;;;;;;;;;;;;;;;;;;;;;;;;;;;;;;;;;;;;;;;;;;;;;;;;;;;;;;;;;;;;;;;;;;;;;;;;;;;;;;;;;;;;;;;;;;;;;;;;;;;;;;;;;;;;;;;;;;;;;;;;;;;;;;;;;;;;;;;;;;;;;;;;;;;;;;;;;;;;;
;;;;;;;;;;;;;;;;;;;;;;;;;;;;;;;;;;;;;;;;;;;;;;;;;;;;;;;;;;;;;;;;;;;;;;;;;;;;;;;;;;;;;;;;;;;;;;;;;;;;;;;;;;;;;;;;;;;;;;;;;;;;;;;;;;;;;;;;;;;;;;;;;;;;;;;;;;;;;;;;;;;;;;;;;;;;;;;;;;;;;;;;;;;;;;;;;;;;;;;;;;;;;;;;;;;;;;;;;;;;;;;;;;;;;;;;;;;;;;;;;;;;;;;;;;;;;;;
;;;;;;;;;;;;;;;;;;;;;;;;;;;;;;;;;;;;;;;;;;;;;;;;;;;;;;;;;;;;;;;;;;;;;;;;;;;;;;;;;;;;;;;;;;;;;;;;;;;;;;;;;;;;;;;;;;;;;;;;;;;;;;;;;;;;;;;;;;;;;;;;;;;;;;;;;;;;;;;;;;;;;;;;;;;;;;;;;;;;;;;;;;;;;;;;;;;;;;;;;;;;;;;;;;;;;;;;;;;;;;;;;;;;;;;;;;;;;;;;;;;;;;;;;;;;;;;
;;;;;;;;;;;;;;;;;;;;;;;;;;;;;;;;;;;;;;;;;;;;;;;;;;;;;;;;;;;;;;;;;;;;;;;;;;;;;;;;;;;;;;;;;;;;;;;;;;;;;;;;;;;;;;;;;;;;;;;;;;;;;;;;;;;;;;;;;;;;;;;;;;;;;;;;;;;;;;;;;;;;;;;;;;;;;;;;;;;;;;;;;;;;;;;;;;;;;;;;;;;;;;;;;;;;;;;;;;;;;;;;;;;;;;;;;;;;;;;;;;;;;;;;;;;;;;;
Simbologia;;;;;;;;;;;;;;;;;;;;;;;;;;;;;;;;;;;;;;;;;;;;;;;;;;;;;;;;;;;;;;;;;;;;;;;;;;;;;;;;;;;;;;;;;;;;;;;;;;;;;;;;;;;;;;;;;;;;;;;;;;;;;;;;;;;;;;;;;;;;;;;;;;;;;;;;;;;;;;;;;;;;;;;;;;;;;;;;;;;;;;;;;;;;;;;;;;;;;;;;;;;;;;;;;;;;;;;;;;;;;;;;;;;;;;;;;;;;;;;;;;;;;;;;;;;;;;;
┴;Quebra de série;;Pro;Valor provisório;;Pre;Valor preliminar;;;;;;;;;;;;;;;;;;;;;;;;;;;;;;;;;;;;;;;;;;;;;;;;;;;;;;;;;;;;;;;;;;;;;;;;;;;;;;;;;;;;;;;;;;;;;;;;;;;;;;;;;;;;;;;;;;;;;;;;;;;;;;;;;;;;;;;;;;;;;;;;;;;;;;;;;;;;;;;;;;;;;;;;;;;;;;;;;;;;;;;;;;;;;;;;;;;;;;;;;;;;;;;;;;;;;;;;;;;;;;;;;;;;;;;;;;;;;;;;;;;;;;;;
...;Confidencial;;x;Valor não disponível;;e;Dado inferior a metade do módulo da unidade utilizada;;;;;;;;;;;;;;;;;;;;;;;;;;;;;;;;;;;;;;;;;;;;;;;;;;;;;;;;;;;;;;;;;;;;;;;;;;;;;;;;;;;;;;;;;;;;;;;;;;;;;;;;;;;;;;;;;;;;;;;;;;;;;;;;;;;;;;;;;;;;;;;;;;;;;;;;;;;;;;;;;;;;;;;;;;;;;;;;;;;;;;;;;;;;;;;;;;;;;;;;;;;;;;;;;;;;;;;;;;;;;;;;;;;;;;;;;;;;;;;;;;;;;;;;
//;Não aplicável ou zero ou zero por defeito;;f;Valor previsto;;§;Dado com coeficiente de variação elevado;;;;;;;;;;;;;;;;;;;;;;;;;;;;;;;;;;;;;;;;;;;;;;;;;;;;;;;;;;;;;;;;;;;;;;;;;;;;;;;;;;;;;;;;;;;;;;;;;;;;;;;;;;;;;;;;;;;;;;;;;;;;;;;;;;;;;;;;;;;;;;;;;;;;;;;;;;;;;;;;;;;;;;;;;;;;;;;;;;;;;;;;;;;;;;;;;;;;;;;;;;;;;;;;;;;;;;;;;;;;;;;;;;;;;;;;;;;;;;;;;;;;;;;;
-;Ausência de valor;;Rv;Valor revisto;;(R);Dados rectificados pela entidade responsável;;;;;;;;;;;;;;;;;;;;;;;;;;;;;;;;;;;;;;;;;;;;;;;;;;;;;;;;;;;;;;;;;;;;;;;;;;;;;;;;;;;;;;;;;;;;;;;;;;;;;;;;;;;;;;;;;;;;;;;;;;;;;;;;;;;;;;;;;;;;;;;;;;;;;;;;;;;;;;;;;;;;;;;;;;;;;;;;;;;;;;;;;;;;;;;;;;;;;;;;;;;;;;;;;;;;;;;;;;;;;;;;;;;;;;;;;;;;;;;;;;;;;;;;
N;Valor negligenciável;;s;Valor estimado;;u;Valor incerto ou não confiável;;;;;;;;;;;;;;;;;;;;;;;;;;;;;;;;;;;;;;;;;;;;;;;;;;;;;;;;;;;;;;;;;;;;;;;;;;;;;;;;;;;;;;;;;;;;;;;;;;;;;;;;;;;;;;;;;;;;;;;;;;;;;;;;;;;;;;;;;;;;;;;;;;;;;;;;;;;;;;;;;;;;;;;;;;;;;;;;;;;;;;;;;;;;;;;;;;;;;;;;;;;;;;;;;;;;;;;;;;;;;;;;;;;;;;;;;;;;;;;;;;;;;;;;
;;;;;;;;;;;;;;;;;;;;;;;;;;;;;;;;;;;;;;;;;;;;;;;;;;;;;;;;;;;;;;;;;;;;;;;;;;;;;;;;;;;;;;;;;;;;;;;;;;;;;;;;;;;;;;;;;;;;;;;;;;;;;;;;;;;;;;;;;;;;;;;;;;;;;;;;;;;;;;;;;;;;;;;;;;;;;;;;;;;;;;;;;;;;;;;;;;;;;;;;;;;;;;;;;;;;;;;;;;;;;;;;;;;;;;;;;;;;;;;;;;;;;;;;;;;;;;;
;;;;;;;;;;;;;;;;;;;;;;;;;;;;;;;;;;;;;;;;;;;;;;;;;;;;;;;;;;;;;;;;;;;;;;;;;;;;;;;;;;;;;;;;;;;;;;;;;;;;;;;;;;;;;;;;;;;;;;;;;;;;;;;;;;;;;;;;;;;;;;;;;;;;;;;;;;;;;;;;;;;;;;;;;;;;;;;;;;;;;;;;;;;;;;;;;;;;;;;;;;;;;;;;;;;;;;;;;;;;;;;;;;;;;;;;;;;;;;;;;;;;;;;;;;;;;;;
;;;;;;;;;;;;;;;;;;;;;;;;;;;;;;;;;;;;;;;;;;;;;;;;;;;;;;;;;;;;;;;;;;;;;;;;;;;;;;;;;;;;;;;;;;;;;;;;;;;;;;;;;;;;;;;;;;;;;;;;;;;;;;;;;;;;;;;;;;;;;;;;;;;;;;;;;;;;;;;;;;;;;;;;;;;;;;;;;;;;;;;;;;;;;;;;;;;;;;;;;;;;;;;;;;;;;;;;;;;;;;;;;;;;;;;;;;;;;;;;;;;;;;;;;;;;;;;
;;;;;;;;;;;;;;;;;;;;;;;;;;;;;;;;;;;;;;;;;;;;;;;;;;;;;;;;;;;;;;;;;;;;;;;;;;;;;;;;;;;;;;;;;;;;;;;;;;;;;;;;;;;;;;;;;;;;;;;;;;;;;;;;;;;;;;;;;;;;;;;;;;;;;;;;;;;;;;;;;;;;;;;;;;;;;;;;;;;;;;;;;;;;;;;;;;;;;;;;;;;;;;;;;;;;;;;;;;;;;;;;;;;;;;;;;;;;;;;;;;;;;;;;;;;;;;;
Dados obtidos em https:www.pordata.pt a 22-11-2022;;;;;;;;;;;;;;;;;;;;;;;;;;;;;;;;;;;;;;;;;;;;;;;;;;;;;;;;;;;;;;;;;;;;;;;;;;;;;;;;;;;;;;;;;;;;;;;;;;;;;;;;;;;;;;;;;;;;;;;;;;;;;;;;;;;;;;;;;;;;;;;;;;;;;;;;;;;;;;;;;;;;;;;;;;;;;;;;;;;;;;;;;;;;;;;;;;;;;;;;;;;;;;;;;;;;;;;;;;;;;;;;;;;;;;;;;;;;;;;;;;;;;;;;;;;;;;;
;;;;;;;;;;;;;;;;;;;;;;;;;;;;;;;;;;;;;;;;;;;;;;;;;;;;;;;;;;;;;;;;;;;;;;;;;;;;;;;;;;;;;;;;;;;;;;;;;;;;;;;;;;;;;;;;;;;;;;;;;;;;;;;;;;;;;;;;;;;;;;;;;;;;;;;;;;;;;;;;;;;;;;;;;;;;;;;;;;;;;;;;;;;;;;;;;;;;;;;;;;;;;;;;;;;;;;;;;;;;;;;;;;;;;;;;;;;;;;;;;;;;;;;;;;;;;;;
 ; ; ; ; ; ; ; ; ; ; ; ; ; ; ; ; ; ; ; ; ; ; ; ; ; ; ; ; ; ; ; ; ; ; ; ; ; ; ; ; ; ; ; ; ; ; ; ; ; ; ; ; ; ; ; ; ; ; ; ; ; ; ; ; ; ; ; ; ; ; ; ; ; ; ; ; ; ; ; ; ; ; ; ; ; ; ; ; ; ; ; ; ; ; ; ; ; ; ; ; ; ; ; ; ; ; ; ; ; ; ; ; ; ; ; ; ; ; ; ; ; ; ; ; ; ; ; ; ; ; ; ; ; ; ; ; ; ; ; ; ; ; ; ; ; ; ; ; ; ; ; ; ; ; ; ; ; ; ; ; ; ; ; ; ; ; ; ; ; ; ; ; ; ; ; ; ; ; ; ; ; ; ; ; ; ; ; ; ; ; ; ; ; ; ; ; ; ; ; ; ; ; ; ; ; ; ; ; ; ; ; ; ; ; ; ; ; ; ; ; ; ; ; ; ; ; ; ; ; ; ; ; ; ; ; ; ; ; ; ; ; ; ; ; ; ; ; ; ; ; ; ; ; ; ; 